industry_code,industry_name,sector_l1,sector_l2,sector_l3,stock_count,representative_stock_code,source_classification_version,generated_at
it-서비스__it-서비스__기타-정보-서비스,기타 정보 서비스,IT 서비스,IT 서비스,기타 정보 서비스,3,030190,stock-classification-sha256:5f250e0e24e7,2026-03-22T07:54:06Z
it-서비스__it서비스__소프트웨어,소프트웨어,IT 서비스,IT서비스,소프트웨어,16,007120,stock-classification-sha256:5f250e0e24e7,2026-03-22T07:54:06Z
it-서비스__it서비스__인터넷서비스,인터넷서비스,IT 서비스,IT서비스,인터넷서비스,7,020120,stock-classification-sha256:5f250e0e24e7,2026-03-22T07:54:06Z
건설__건설__건물설비-설치-공사,건물설비 설치 공사,건설,건설,건물설비 설치 공사,1,126720,stock-classification-sha256:5f250e0e24e7,2026-03-22T07:54:06Z
건설__건설__건설,건설,건설,건설,건설,40,000720,stock-classification-sha256:5f250e0e24e7,2026-03-22T07:54:06Z
건설__건설__건축기술-엔지니어링-및-관련-기술-서비스,"건축기술, 엔지니어링 및 관련 기술 서비스",건설,건설,"건축기술, 엔지니어링 및 관련 기술 서비스",1,480370,stock-classification-sha256:5f250e0e24e7,2026-03-22T07:54:06Z
건설__건설__기반조성-및-시설물-축조관련-전문공사,기반조성 및 시설물 축조관련 전문공사,건설,건설,기반조성 및 시설물 축조관련 전문공사,3,010960,stock-classification-sha256:5f250e0e24e7,2026-03-22T07:54:06Z
건설__건설__미디어-통신,미디어/통신,건설,건설,미디어/통신,1,036630,stock-classification-sha256:5f250e0e24e7,2026-03-22T07:54:06Z
건설__건설__실내건축-및-건축마무리-공사,실내건축 및 건축마무리 공사,건설,건설,실내건축 및 건축마무리 공사,4,041590,stock-classification-sha256:5f250e0e24e7,2026-03-22T07:54:06Z
건설__건설__전기-및-통신-공사,전기 및 통신 공사,건설,건설,전기 및 통신 공사,6,036190,stock-classification-sha256:5f250e0e24e7,2026-03-22T07:54:06Z
건설__전기-전자__디스플레이,디스플레이,건설,전기·전자,디스플레이,1,010400,stock-classification-sha256:5f250e0e24e7,2026-03-22T07:54:06Z
건설__전기-전자__이차전지,이차전지,건설,전기·전자,이차전지,1,011560,stock-classification-sha256:5f250e0e24e7,2026-03-22T07:54:06Z
금융__건강관리__제약,제약,금융,건강관리,제약,3,000640,stock-classification-sha256:5f250e0e24e7,2026-03-22T07:54:06Z
금융__건설__건설,건설,금융,건설,건설,1,012630,stock-classification-sha256:5f250e0e24e7,2026-03-22T07:54:06Z
금융__금융__금융,금융,금융,금융,금융,6,00806K,stock-classification-sha256:5f250e0e24e7,2026-03-22T07:54:06Z
금융__금융__금융-지원-서비스,금융 지원 서비스,금융,금융,금융 지원 서비스,5,060250,stock-classification-sha256:5f250e0e24e7,2026-03-22T07:54:06Z
금융__금융__기타-금융,기타 금융,금융,금융,기타 금융,58,000070,stock-classification-sha256:5f250e0e24e7,2026-03-22T07:54:06Z
금융__금융__보험,보험,금융,금융,보험,2,211050,stock-classification-sha256:5f250e0e24e7,2026-03-22T07:54:06Z
금융__금융__신탁-및-집합투자,신탁 및 집합투자,금융,금융,신탁 및 집합투자,10,019550,stock-classification-sha256:5f250e0e24e7,2026-03-22T07:54:06Z
금융__금융__에너지-화학,에너지/화학,금융,금융,에너지/화학,5,004800,stock-classification-sha256:5f250e0e24e7,2026-03-22T07:54:06Z
금융__금융__운송,운송,금융,금융,운송,1,180640,stock-classification-sha256:5f250e0e24e7,2026-03-22T07:54:06Z
금융__금융__은행,은행,금융,금융,은행,11,006220,stock-classification-sha256:5f250e0e24e7,2026-03-22T07:54:06Z
금융__금융__증권,증권,금융,금융,증권,1,071050,stock-classification-sha256:5f250e0e24e7,2026-03-22T07:54:06Z
금융__보험__보험,보험,금융,보험,보험,12,000370,stock-classification-sha256:5f250e0e24e7,2026-03-22T07:54:06Z
금융__생활소비재__화장품,화장품,금융,생활소비재,화장품,1,044820,stock-classification-sha256:5f250e0e24e7,2026-03-22T07:54:06Z
금융__운송장비-부품__자동차,자동차,금융,운송장비·부품,자동차,2,036530,stock-classification-sha256:5f250e0e24e7,2026-03-22T07:54:06Z
금융__운송장비-부품__조선,조선,금융,운송장비·부품,조선,3,006260,stock-classification-sha256:5f250e0e24e7,2026-03-22T07:54:06Z
금융__전기-전자__반도체,반도체,금융,전기·전자,반도체,3,005740,stock-classification-sha256:5f250e0e24e7,2026-03-22T07:54:06Z
금융__전기-전자__이차전지,이차전지,금융,전기·전자,이차전지,1,086520,stock-classification-sha256:5f250e0e24e7,2026-03-22T07:54:06Z
금융__증권__금융-지원-서비스,금융 지원 서비스,금융,증권,금융 지원 서비스,5,001270,stock-classification-sha256:5f250e0e24e7,2026-03-22T07:54:06Z
금융__증권__증권,증권,금융,증권,증권,13,001200,stock-classification-sha256:5f250e0e24e7,2026-03-22T07:54:06Z
금융__철강-소재__철강,철강,금융,철강·소재,철강,2,001230,stock-classification-sha256:5f250e0e24e7,2026-03-22T07:54:06Z
기타__기타__기타-정보-서비스,기타 정보 서비스,기타,기타,기타 정보 서비스,16,032680,stock-classification-sha256:5f250e0e24e7,2026-03-22T07:54:06Z
기타__기타__부동산-임대-및-공급,부동산 임대 및 공급,기타,기타,부동산 임대 및 공급,2,001000,stock-classification-sha256:5f250e0e24e7,2026-03-22T07:54:06Z
기타__기타__서적-잡지-및-기타-인쇄물-출판,"서적, 잡지 및 기타 인쇄물 출판",기타,기타,"서적, 잡지 및 기타 인쇄물 출판",1,418470,stock-classification-sha256:5f250e0e24e7,2026-03-22T07:54:06Z
기타__기타__어로-어,어로 어,기타,기타,어로 어,2,004970,stock-classification-sha256:5f250e0e24e7,2026-03-22T07:54:06Z
기타__기타__작물-재배,작물 재배,기타,기타,작물 재배,2,054050,stock-classification-sha256:5f250e0e24e7,2026-03-22T07:54:06Z
기타__기타__전기-통신,전기 통신,기타,기타,전기 통신,8,025770,stock-classification-sha256:5f250e0e24e7,2026-03-22T07:54:06Z
부동산__부동산__부동산-임대-및-공급,부동산 임대 및 공급,부동산,부동산,부동산 임대 및 공급,3,015020,stock-classification-sha256:5f250e0e24e7,2026-03-22T07:54:06Z
서비스__it서비스__소프트웨어,소프트웨어,서비스,IT서비스,소프트웨어,202,0007C0,stock-classification-sha256:5f250e0e24e7,2026-03-22T07:54:06Z
서비스__it서비스__인터넷서비스,인터넷서비스,서비스,IT서비스,인터넷서비스,8,033130,stock-classification-sha256:5f250e0e24e7,2026-03-22T07:54:06Z
오락-문화__미디어-엔터__미디어-콘텐츠,미디어/콘텐츠,오락·문화,미디어/엔터,미디어/콘텐츠,43,012170,stock-classification-sha256:5f250e0e24e7,2026-03-22T07:54:06Z
오락-문화__서비스__레저,레저,오락·문화,서비스,레저,3,034230,stock-classification-sha256:5f250e0e24e7,2026-03-22T07:54:06Z
오락-문화__오락-문화__서적-잡지-및-기타-인쇄물-출판,"서적, 잡지 및 기타 인쇄물 출판",오락·문화,오락·문화,"서적, 잡지 및 기타 인쇄물 출판",9,035290,stock-classification-sha256:5f250e0e24e7,2026-03-22T07:54:06Z
오락-문화__오락-문화__스포츠-서비스,스포츠 서비스,오락·문화,오락·문화,스포츠 서비스,2,011420,stock-classification-sha256:5f250e0e24e7,2026-03-22T07:54:06Z
오락-문화__오락-문화__오디오물-출판-및-원판-녹음,오디오물 출판 및 원판 녹음,오락·문화,오락·문화,오디오물 출판 및 원판 녹음,6,035900,stock-classification-sha256:5f250e0e24e7,2026-03-22T07:54:06Z
오락-문화__오락-문화__오락-문화,오락·문화,오락·문화,오락·문화,오락·문화,1,204630,stock-classification-sha256:5f250e0e24e7,2026-03-22T07:54:06Z
오락-문화__오락-문화__창작-및-예술관련-서비스,창작 및 예술관련 서비스,오락·문화,오락·문화,창작 및 예술관련 서비스,4,032800,stock-classification-sha256:5f250e0e24e7,2026-03-22T07:54:06Z
운송-창고__운송-창고__기타-운송관련-서비스,기타 운송관련 서비스,운송·창고,운송·창고,기타 운송관련 서비스,5,003100,stock-classification-sha256:5f250e0e24e7,2026-03-22T07:54:06Z
운송-창고__운송-창고__도로-화물-운송,도로 화물 운송,운송·창고,운송·창고,도로 화물 운송,5,004360,stock-classification-sha256:5f250e0e24e7,2026-03-22T07:54:06Z
운송-창고__운송-창고__운송,운송,운송·창고,운송·창고,운송,6,000120,stock-classification-sha256:5f250e0e24e7,2026-03-22T07:54:06Z
운송-창고__운송-창고__육상-여객-운송,육상 여객 운송,운송·창고,운송·창고,육상 여객 운송,3,000650,stock-classification-sha256:5f250e0e24e7,2026-03-22T07:54:06Z
운송-창고__운송-창고__항공-여객-운송,항공 여객 운송,운송·창고,운송·창고,항공 여객 운송,3,091810,stock-classification-sha256:5f250e0e24e7,2026-03-22T07:54:06Z
운송-창고__운송-창고__해운,해운,운송·창고,운송·창고,해운,6,003280,stock-classification-sha256:5f250e0e24e7,2026-03-22T07:54:06Z
유통__건강관리__바이오,바이오,유통,건강관리,바이오,1,065660,stock-classification-sha256:5f250e0e24e7,2026-03-22T07:54:06Z
유통__건강관리__의료기기,의료기기,유통,건강관리,의료기기,1,032940,stock-classification-sha256:5f250e0e24e7,2026-03-22T07:54:06Z
유통__건강관리__제약,제약,유통,건강관리,제약,6,043710,stock-classification-sha256:5f250e0e24e7,2026-03-22T07:54:06Z
유통__생활소비재__화장품,화장품,유통,생활소비재,화장품,7,019660,stock-classification-sha256:5f250e0e24e7,2026-03-22T07:54:06Z
유통__섬유-의류__섬유-의류,섬유/의류,유통,섬유·의류,섬유/의류,10,031430,stock-classification-sha256:5f250e0e24e7,2026-03-22T07:54:06Z
유통__유통__건축자재-철물-및-난방장치-도매,"건축자재, 철물 및 난방장치 도매",유통,유통,"건축자재, 철물 및 난방장치 도매",1,007110,stock-classification-sha256:5f250e0e24e7,2026-03-22T07:54:06Z
유통__유통__기계장비-및-관련-물품-도매,기계장비 및 관련 물품 도매,유통,유통,기계장비 및 관련 물품 도매,12,003010,stock-classification-sha256:5f250e0e24e7,2026-03-22T07:54:06Z
유통__유통__기타-상품-전문-소매,기타 상품 전문 소매,유통,유통,기타 상품 전문 소매,3,004590,stock-classification-sha256:5f250e0e24e7,2026-03-22T07:54:06Z
유통__유통__기타-생활용품-소매,기타 생활용품 소매,유통,유통,기타 생활용품 소매,2,309930,stock-classification-sha256:5f250e0e24e7,2026-03-22T07:54:06Z
유통__유통__기타-전문-도매,기타 전문 도매,유통,유통,기타 전문 도매,28,000440,stock-classification-sha256:5f250e0e24e7,2026-03-22T07:54:06Z
유통__유통__무점포-소매,무점포 소매,유통,유통,무점포 소매,3,035080,stock-classification-sha256:5f250e0e24e7,2026-03-22T07:54:06Z
유통__유통__산용-농-축산물-및-동-식물-도매,산용 농·축산물 및 동·식물 도매,유통,유통,산용 농·축산물 및 동·식물 도매,2,006880,stock-classification-sha256:5f250e0e24e7,2026-03-22T07:54:06Z
유통__유통__상품-종합-도매,상품 종합 도매,유통,유통,상품 종합 도매,18,000680,stock-classification-sha256:5f250e0e24e7,2026-03-22T07:54:06Z
유통__유통__상품-중개,상품 중개,유통,유통,상품 중개,8,001120,stock-classification-sha256:5f250e0e24e7,2026-03-22T07:54:06Z
유통__유통__생활용품-도매,생활용품 도매,유통,유통,생활용품 도매,11,005320,stock-classification-sha256:5f250e0e24e7,2026-03-22T07:54:06Z
유통__유통__에너지-화학,에너지/화학,유통,유통,에너지/화학,2,006060,stock-classification-sha256:5f250e0e24e7,2026-03-22T07:54:06Z
유통__유통__연료-소매,연료 소매,유통,유통,연료 소매,3,002420,stock-classification-sha256:5f250e0e24e7,2026-03-22T07:54:06Z
유통__유통__유통,유통,유통,유통,유통,17,000050,stock-classification-sha256:5f250e0e24e7,2026-03-22T07:54:06Z
유통__유통__자동차-부품-및-내장품-판매,자동차 부품 및 내장품 판매,유통,유통,자동차 부품 및 내장품 판매,2,025530,stock-classification-sha256:5f250e0e24e7,2026-03-22T07:54:06Z
유통__유통__자동차-판매,자동차 판매,유통,유통,자동차 판매,2,067990,stock-classification-sha256:5f250e0e24e7,2026-03-22T07:54:06Z
유통__음식료-담배__음식료,음식료,유통,음식료·담배,음식료,11,025870,stock-classification-sha256:5f250e0e24e7,2026-03-22T07:54:06Z
유통__전기-전자__가전-전자제품,가전/전자제품,유통,전기·전자,가전/전자제품,2,002700,stock-classification-sha256:5f250e0e24e7,2026-03-22T07:54:06Z
유통__전기-전자__반도체,반도체,유통,전기·전자,반도체,8,031330,stock-classification-sha256:5f250e0e24e7,2026-03-22T07:54:06Z
유통__전기-전자__이차전지,이차전지,유통,전기·전자,이차전지,1,047050,stock-classification-sha256:5f250e0e24e7,2026-03-22T07:54:06Z
유통__전기-전자__전자부품,전자부품,유통,전기·전자,전자부품,1,052020,stock-classification-sha256:5f250e0e24e7,2026-03-22T07:54:06Z
유통__전기-전자__통신장비,통신장비,유통,전기·전자,통신장비,4,005110,stock-classification-sha256:5f250e0e24e7,2026-03-22T07:54:06Z
유틸리티__전기-가스__가스,가스,유틸리티,전기·가스,가스,2,0001A0,stock-classification-sha256:5f250e0e24e7,2026-03-22T07:54:06Z
유틸리티__전기-가스__전력,전력,유틸리티,전기·가스,전력,1,060900,stock-classification-sha256:5f250e0e24e7,2026-03-22T07:54:06Z
일반서비스__건강관리__바이오,바이오,일반서비스,건강관리,바이오,67,0009K0,stock-classification-sha256:5f250e0e24e7,2026-03-22T07:54:06Z
일반서비스__건강관리__제약,제약,일반서비스,건강관리,제약,2,002620,stock-classification-sha256:5f250e0e24e7,2026-03-22T07:54:06Z
일반서비스__건설__건설,건설,일반서비스,건설,건설,2,028050,stock-classification-sha256:5f250e0e24e7,2026-03-22T07:54:06Z
일반서비스__미디어-엔터__광고-마케팅,광고/마케팅,일반서비스,미디어/엔터,광고/마케팅,19,010470,stock-classification-sha256:5f250e0e24e7,2026-03-22T07:54:06Z
일반서비스__생활소비재__화장품,화장품,일반서비스,생활소비재,화장품,1,032860,stock-classification-sha256:5f250e0e24e7,2026-03-22T07:54:06Z
일반서비스__서비스__여행,여행,일반서비스,서비스,여행,6,032350,stock-classification-sha256:5f250e0e24e7,2026-03-22T07:54:06Z
일반서비스__서비스__호텔-레저,호텔/레저,일반서비스,서비스,호텔/레저,3,006730,stock-classification-sha256:5f250e0e24e7,2026-03-22T07:54:06Z
일반서비스__일반서비스__개인-및-가정용품-수리,개인 및 가정용품 수리,일반서비스,일반서비스,개인 및 가정용품 수리,1,377460,stock-classification-sha256:5f250e0e24e7,2026-03-22T07:54:06Z
일반서비스__일반서비스__개인-및-가정용품-임대,개인 및 가정용품 임대,일반서비스,일반서비스,개인 및 가정용품 임대,1,284740,stock-classification-sha256:5f250e0e24e7,2026-03-22T07:54:06Z
일반서비스__일반서비스__건축기술-엔지니어링-및-관련-기술-서비스,"건축기술, 엔지니어링 및 관련 기술 서비스",일반서비스,일반서비스,"건축기술, 엔지니어링 및 관련 기술 서비스",11,002150,stock-classification-sha256:5f250e0e24e7,2026-03-22T07:54:06Z
일반서비스__일반서비스__교육지원-서비스,교육지원 서비스,일반서비스,일반서비스,교육지원 서비스,1,057030,stock-classification-sha256:5f250e0e24e7,2026-03-22T07:54:06Z
일반서비스__일반서비스__그외-기타-개인-서비스,그외 기타 개인 서비스,일반서비스,일반서비스,그외 기타 개인 서비스,1,021240,stock-classification-sha256:5f250e0e24e7,2026-03-22T07:54:06Z
일반서비스__일반서비스__그외-기타-전문-과학-및-기술-서비스,"그외 기타 전문, 과학 및 기술 서비스",일반서비스,일반서비스,"그외 기타 전문, 과학 및 기술 서비스",7,0015S0,stock-classification-sha256:5f250e0e24e7,2026-03-22T07:54:06Z
일반서비스__일반서비스__기타-과학기술-서비스,기타 과학기술 서비스,일반서비스,일반서비스,기타 과학기술 서비스,5,046120,stock-classification-sha256:5f250e0e24e7,2026-03-22T07:54:06Z
일반서비스__일반서비스__기타-교육기관,기타 교육기관,일반서비스,일반서비스,기타 교육기관,2,067280,stock-classification-sha256:5f250e0e24e7,2026-03-22T07:54:06Z
일반서비스__일반서비스__기타-사지원-서비스,기타 사지원 서비스,일반서비스,일반서비스,기타 사지원 서비스,8,034950,stock-classification-sha256:5f250e0e24e7,2026-03-22T07:54:06Z
일반서비스__일반서비스__기타-전문-서비스,기타 전문 서비스,일반서비스,일반서비스,기타 전문 서비스,2,054800,stock-classification-sha256:5f250e0e24e7,2026-03-22T07:54:06Z
일반서비스__일반서비스__사시설-유지-관리-서비스,사시설 유지·관리 서비스,일반서비스,일반서비스,사시설 유지·관리 서비스,1,038870,stock-classification-sha256:5f250e0e24e7,2026-03-22T07:54:06Z
일반서비스__일반서비스__산용-기계-및-장비-임대,산용 기계 및 장비 임대,일반서비스,일반서비스,산용 기계 및 장비 임대,1,095570,stock-classification-sha256:5f250e0e24e7,2026-03-22T07:54:06Z
일반서비스__일반서비스__시장조사-및-여론조사,시장조사 및 여론조사,일반서비스,일반서비스,시장조사 및 여론조사,1,169330,stock-classification-sha256:5f250e0e24e7,2026-03-22T07:54:06Z
일반서비스__일반서비스__운송,운송,일반서비스,일반서비스,운송,1,000700,stock-classification-sha256:5f250e0e24e7,2026-03-22T07:54:06Z
일반서비스__일반서비스__운송장비-임대,운송장비 임대,일반서비스,일반서비스,운송장비 임대,2,089860,stock-classification-sha256:5f250e0e24e7,2026-03-22T07:54:06Z
일반서비스__일반서비스__음식점,음식점,일반서비스,일반서비스,음식점,2,031440,stock-classification-sha256:5f250e0e24e7,2026-03-22T07:54:06Z
일반서비스__일반서비스__의료용품-및-기타-의약-관련제품,의료용품 및 기타 의약 관련제품,일반서비스,일반서비스,의료용품 및 기타 의약 관련제품,1,352770,stock-classification-sha256:5f250e0e24e7,2026-03-22T07:54:06Z
일반서비스__일반서비스__일반-교습-학원,일반 교습 학원,일반서비스,일반서비스,일반 교습 학원,6,040420,stock-classification-sha256:5f250e0e24e7,2026-03-22T07:54:06Z
일반서비스__일반서비스__전문디자인,전문디자인,일반서비스,일반서비스,전문디자인,2,020710,stock-classification-sha256:5f250e0e24e7,2026-03-22T07:54:06Z
일반서비스__일반서비스__초등-교육기관,초등 교육기관,일반서비스,일반서비스,초등 교육기관,2,019680,stock-classification-sha256:5f250e0e24e7,2026-03-22T07:54:06Z
일반서비스__일반서비스__폐기물-처리,폐기물 처리,일반서비스,일반서비스,폐기물 처리,2,060150,stock-classification-sha256:5f250e0e24e7,2026-03-22T07:54:06Z
일반서비스__일반서비스__회사-본부-및-경영-컨설팅-서비스,회사 본부 및 경영 컨설팅 서비스,일반서비스,일반서비스,회사 본부 및 경영 컨설팅 서비스,7,000180,stock-classification-sha256:5f250e0e24e7,2026-03-22T07:54:06Z
일반서비스__전기-전자__가전-전자제품,가전/전자제품,일반서비스,전기·전자,가전/전자제품,1,012750,stock-classification-sha256:5f250e0e24e7,2026-03-22T07:54:06Z
일반서비스__전기-전자__반도체,반도체,일반서비스,전기·전자,반도체,8,036710,stock-classification-sha256:5f250e0e24e7,2026-03-22T07:54:06Z
일반서비스__전기-전자__이차전지,이차전지,일반서비스,전기·전자,이차전지,1,036830,stock-classification-sha256:5f250e0e24e7,2026-03-22T07:54:06Z
전기-가스__전기-가스__가스,가스,전기·가스,전기·가스,가스,7,003480,stock-classification-sha256:5f250e0e24e7,2026-03-22T07:54:06Z
전기-가스__전기-가스__전력,전력,전기·가스,전기·가스,전력,2,005090,stock-classification-sha256:5f250e0e24e7,2026-03-22T07:54:06Z
전기-가스__전기-가스__증기-냉-온수-및-공기조절-공급,"증기, 냉·온수 및 공기조절 공급",전기·가스,전기·가스,"증기, 냉·온수 및 공기조절 공급",1,071320,stock-classification-sha256:5f250e0e24e7,2026-03-22T07:54:06Z
제조__금속__건설,건설,제조,금속,건설,1,100130,stock-classification-sha256:5f250e0e24e7,2026-03-22T07:54:06Z
제조__금속__구조용-금속제품-탱크-및-증기발생기,"구조용 금속제품, 탱크 및 증기발생기",제조,금속,"구조용 금속제품, 탱크 및 증기발생기",16,008470,stock-classification-sha256:5f250e0e24e7,2026-03-22T07:54:06Z
제조__금속__금속,금속,제조,금속,금속,1,222810,stock-classification-sha256:5f250e0e24e7,2026-03-22T07:54:06Z
제조__금속__금속-주조,금속 주조,제조,금속,금속 주조,3,020400,stock-classification-sha256:5f250e0e24e7,2026-03-22T07:54:06Z
제조__금속__금속가공,금속가공,제조,금속,금속가공,28,0004V0,stock-classification-sha256:5f250e0e24e7,2026-03-22T07:54:06Z
제조__금속__무기-및-총포탄,무기 및 총포탄,제조,금속,무기 및 총포탄,3,010820,stock-classification-sha256:5f250e0e24e7,2026-03-22T07:54:06Z
제조__금속__비철금속,비철금속,제조,금속,비철금속,22,000670,stock-classification-sha256:5f250e0e24e7,2026-03-22T07:54:06Z
제조__금속__조선,조선,제조,금속,조선,3,006910,stock-classification-sha256:5f250e0e24e7,2026-03-22T07:54:06Z
제조__금속__철강,철강,제조,금속,철강,59,000970,stock-classification-sha256:5f250e0e24e7,2026-03-22T07:54:06Z
제조__기계-장비__가전-전자제품,가전/전자제품,제조,기계·장비,가전/전자제품,1,071670,stock-classification-sha256:5f250e0e24e7,2026-03-22T07:54:06Z
제조__기계-장비__디스플레이,디스플레이,제조,기계·장비,디스플레이,28,036090,stock-classification-sha256:5f250e0e24e7,2026-03-22T07:54:06Z
제조__기계-장비__반도체,반도체,제조,기계·장비,반도체,32,031980,stock-classification-sha256:5f250e0e24e7,2026-03-22T07:54:06Z
제조__기계-장비__이차전지,이차전지,제조,기계·장비,이차전지,25,017370,stock-classification-sha256:5f250e0e24e7,2026-03-22T07:54:06Z
제조__기계-장비__일반-목적용-기계,일반 목적용 기계,제조,기계·장비,일반 목적용 기계,43,007820,stock-classification-sha256:5f250e0e24e7,2026-03-22T07:54:06Z
제조__기계-장비__자동차,자동차,제조,기계·장비,자동차,1,018880,stock-classification-sha256:5f250e0e24e7,2026-03-22T07:54:06Z
제조__기계-장비__전자부품,전자부품,제조,기계·장비,전자부품,4,209640,stock-classification-sha256:5f250e0e24e7,2026-03-22T07:54:06Z
제조__기계-장비__조선,조선,제조,기계·장비,조선,5,004380,stock-classification-sha256:5f250e0e24e7,2026-03-22T07:54:06Z
제조__기계-장비__특수-목적용-기계,특수 목적용 기계,제조,기계·장비,특수 목적용 기계,77,000490,stock-classification-sha256:5f250e0e24e7,2026-03-22T07:54:06Z
제조__기타제조__가구,가구,제조,기타제조,가구,3,003800,stock-classification-sha256:5f250e0e24e7,2026-03-22T07:54:06Z
제조__기타제조__귀금속-및-장신용품,귀금속 및 장신용품,제조,기타제조,귀금속 및 장신용품,1,026040,stock-classification-sha256:5f250e0e24e7,2026-03-22T07:54:06Z
제조__기타제조__그외-기타-제품,그외 기타 제품,제조,기타제조,그외 기타 제품,9,073570,stock-classification-sha256:5f250e0e24e7,2026-03-22T07:54:06Z
제조__기타제조__디스플레이,디스플레이,제조,기타제조,디스플레이,1,054090,stock-classification-sha256:5f250e0e24e7,2026-03-22T07:54:06Z
제조__기타제조__운동-및-경기용구,운동 및 경기용구,제조,기타제조,운동 및 경기용구,1,365900,stock-classification-sha256:5f250e0e24e7,2026-03-22T07:54:06Z
제조__비금속__건설,건설,제조,비금속,건설,8,001520,stock-classification-sha256:5f250e0e24e7,2026-03-22T07:54:06Z
제조__비금속__기타-비금속-광물제품,기타 비금속 광물제품,제조,비금속,기타 비금속 광물제품,7,001560,stock-classification-sha256:5f250e0e24e7,2026-03-22T07:54:06Z
제조__비금속__내화-비내화-요제품,"내화, 비내화 요제품",제조,비금속,"내화, 비내화 요제품",5,000480,stock-classification-sha256:5f250e0e24e7,2026-03-22T07:54:06Z
제조__비금속__반도체,반도체,제조,비금속,반도체,2,064760,stock-classification-sha256:5f250e0e24e7,2026-03-22T07:54:06Z
제조__비금속__시멘트-석회-플라스터-및-그-제품,"시멘트, 석회, 플라스터 및 그 제품",제조,비금속,"시멘트, 석회, 플라스터 및 그 제품",10,000910,stock-classification-sha256:5f250e0e24e7,2026-03-22T07:54:06Z
제조__비금속__유리-및-유리제품,유리 및 유리제품,제조,비금속,유리 및 유리제품,2,006050,stock-classification-sha256:5f250e0e24e7,2026-03-22T07:54:06Z
제조__비금속__화장품,화장품,제조,비금속,화장품,2,008870,stock-classification-sha256:5f250e0e24e7,2026-03-22T07:54:06Z
제조__섬유-의류__가죽-가방-및-유사제품,"가죽, 가방 및 유사제품",제조,섬유·의류,"가죽, 가방 및 유사제품",6,002170,stock-classification-sha256:5f250e0e24e7,2026-03-22T07:54:06Z
제조__섬유-의류__방적-및-가공사,방적 및 가공사,제조,섬유·의류,방적 및 가공사,2,000950,stock-classification-sha256:5f250e0e24e7,2026-03-22T07:54:06Z
제조__섬유-의류__섬유-의류,섬유/의류,제조,섬유·의류,섬유/의류,35,001460,stock-classification-sha256:5f250e0e24e7,2026-03-22T07:54:06Z
제조__섬유-의류__신발-및-신발-부분품,신발 및 신발 부분품,제조,섬유·의류,신발 및 신발 부분품,2,241590,stock-classification-sha256:5f250e0e24e7,2026-03-22T07:54:06Z
제조__섬유-의류__직물직조-및-직물제품,직물직조 및 직물제품,제조,섬유·의류,직물직조 및 직물제품,5,001070,stock-classification-sha256:5f250e0e24e7,2026-03-22T07:54:06Z
제조__섬유-의류__편조원단,편조원단,제조,섬유·의류,편조원단,1,008500,stock-classification-sha256:5f250e0e24e7,2026-03-22T07:54:06Z
제조__운송장비-부품__그외-기타-운송장비,그외 기타 운송장비,제조,운송장비·부품,그외 기타 운송장비,4,000040,stock-classification-sha256:5f250e0e24e7,2026-03-22T07:54:06Z
제조__운송장비-부품__자동차,자동차,제조,운송장비·부품,자동차,4,000270,stock-classification-sha256:5f250e0e24e7,2026-03-22T07:54:06Z
제조__운송장비-부품__자동차-재제조-부품,자동차 재제조 부품,제조,운송장비·부품,자동차 재제조 부품,1,067170,stock-classification-sha256:5f250e0e24e7,2026-03-22T07:54:06Z
제조__운송장비-부품__자동차-차체나-트레일러,자동차 차체나 트레일러,제조,운송장비·부품,자동차 차체나 트레일러,1,151860,stock-classification-sha256:5f250e0e24e7,2026-03-22T07:54:06Z
제조__운송장비-부품__자동차부품,자동차부품,제조,운송장비·부품,자동차부품,102,000300,stock-classification-sha256:5f250e0e24e7,2026-03-22T07:54:06Z
제조__운송장비-부품__조선,조선,제조,운송장비·부품,조선,15,010140,stock-classification-sha256:5f250e0e24e7,2026-03-22T07:54:06Z
제조__운송장비-부품__항공기-우주선-및-부품,"항공기,우주선 및 부품",제조,운송장비·부품,"항공기,우주선 및 부품",10,012450,stock-classification-sha256:5f250e0e24e7,2026-03-22T07:54:06Z
제조__음식료-담배__곡물가공품-전분-및-전분제품,"곡물가공품, 전분 및 전분제품",제조,음식료·담배,"곡물가공품, 전분 및 전분제품",7,001130,stock-classification-sha256:5f250e0e24e7,2026-03-22T07:54:06Z
제조__음식료-담배__과실-채소-가공-및-저장-처리,"과실, 채소 가공 및 저장 처리",제조,음식료·담배,"과실, 채소 가공 및 저장 처리",3,005670,stock-classification-sha256:5f250e0e24e7,2026-03-22T07:54:06Z
제조__음식료-담배__기타-식품,기타 식품,제조,음식료·담배,기타 식품,31,001680,stock-classification-sha256:5f250e0e24e7,2026-03-22T07:54:06Z
제조__음식료-담배__도시락-및-식사용-조리식품,도시락 및 식사용 조리식품,제조,음식료·담배,도시락 및 식사용 조리식품,1,435570,stock-classification-sha256:5f250e0e24e7,2026-03-22T07:54:06Z
제조__음식료-담배__도축-육류-가공-및-저장-처리,"도축, 육류 가공 및 저장 처리",제조,음식료·담배,"도축, 육류 가공 및 저장 처리",7,027740,stock-classification-sha256:5f250e0e24e7,2026-03-22T07:54:06Z
제조__음식료-담배__동-식물성-유지-및-낙농제품,동·식물성 유지 및 낙농제품,제조,음식료·담배,동·식물성 유지 및 낙농제품,4,003920,stock-classification-sha256:5f250e0e24e7,2026-03-22T07:54:06Z
제조__음식료-담배__동물용-사료-및-조제식품,동물용 사료 및 조제식품,제조,음식료·담배,동물용 사료 및 조제식품,10,003310,stock-classification-sha256:5f250e0e24e7,2026-03-22T07:54:06Z
제조__음식료-담배__떡-빵-및-과자류,"떡, 빵 및 과자류",제조,음식료·담배,"떡, 빵 및 과자류",1,264900,stock-classification-sha256:5f250e0e24e7,2026-03-22T07:54:06Z
제조__음식료-담배__바이오,바이오,제조,음식료·담배,바이오,1,092040,stock-classification-sha256:5f250e0e24e7,2026-03-22T07:54:06Z
제조__음식료-담배__수산물-가공-및-저장-처리,수산물 가공 및 저장 처리,제조,음식료·담배,수산물 가공 및 저장 처리,6,0013V0,stock-classification-sha256:5f250e0e24e7,2026-03-22T07:54:06Z
제조__음식료-담배__음식료,음식료,제조,음식료·담배,음식료,12,000080,stock-classification-sha256:5f250e0e24e7,2026-03-22T07:54:06Z
제조__음식료-담배__제약,제약,제조,음식료·담배,제약,2,097950,stock-classification-sha256:5f250e0e24e7,2026-03-22T07:54:06Z
제조__의료-정밀기기__디스플레이,디스플레이,제조,의료·정밀기기,디스플레이,3,063760,stock-classification-sha256:5f250e0e24e7,2026-03-22T07:54:06Z
제조__의료-정밀기기__반도체,반도체,제조,의료·정밀기기,반도체,4,029460,stock-classification-sha256:5f250e0e24e7,2026-03-22T07:54:06Z
제조__의료-정밀기기__사진장비-및-광학기기,사진장비 및 광학기기,제조,의료·정밀기기,사진장비 및 광학기기,11,0015G0,stock-classification-sha256:5f250e0e24e7,2026-03-22T07:54:06Z
제조__의료-정밀기기__의료기기,의료기기,제조,의료·정밀기기,의료기기,60,0010V0,stock-classification-sha256:5f250e0e24e7,2026-03-22T07:54:06Z
제조__의료-정밀기기__이차전지,이차전지,제조,의료·정밀기기,이차전지,1,452200,stock-classification-sha256:5f250e0e24e7,2026-03-22T07:54:06Z
제조__의료-정밀기기__전자부품,전자부품,제조,의료·정밀기기,전자부품,5,003160,stock-classification-sha256:5f250e0e24e7,2026-03-22T07:54:06Z
제조__의료-정밀기기__측정-시험-항해-제어-및-기타-정밀기기-광학기기-제외,"측정, 시험, 항해, 제어 및 기타 정밀기기; 광학기기 제외",제조,의료·정밀기기,"측정, 시험, 항해, 제어 및 기타 정밀기기; 광학기기 제외",20,002230,stock-classification-sha256:5f250e0e24e7,2026-03-22T07:54:06Z
제조__전기-전자__가전-전자제품,가전/전자제품,제조,전기·전자,가전/전자제품,18,004920,stock-classification-sha256:5f250e0e24e7,2026-03-22T07:54:06Z
제조__전기-전자__가정용-기기,가정용 기기,제조,전기·전자,가정용 기기,5,037070,stock-classification-sha256:5f250e0e24e7,2026-03-22T07:54:06Z
제조__전기-전자__건설,건설,제조,전기·전자,건설,1,009450,stock-classification-sha256:5f250e0e24e7,2026-03-22T07:54:06Z
제조__전기-전자__기타-전기장비,기타 전기장비,제조,전기·전자,기타 전기장비,9,0011A0,stock-classification-sha256:5f250e0e24e7,2026-03-22T07:54:06Z
제조__전기-전자__디스플레이,디스플레이,제조,전기·전자,디스플레이,5,025440,stock-classification-sha256:5f250e0e24e7,2026-03-22T07:54:06Z
제조__전기-전자__마그네틱-및-광학-매체,마그네틱 및 광학 매체,제조,전기·전자,마그네틱 및 광학 매체,1,380540,stock-classification-sha256:5f250e0e24e7,2026-03-22T07:54:06Z
제조__전기-전자__반도체,반도체,제조,전기·전자,반도체,74,000660,stock-classification-sha256:5f250e0e24e7,2026-03-22T07:54:06Z
제조__전기-전자__이차전지,이차전지,제조,전기·전자,이차전지,23,003670,stock-classification-sha256:5f250e0e24e7,2026-03-22T07:54:06Z
제조__전기-전자__전구-및-조명장치,전구 및 조명장치,제조,전기·전자,전구 및 조명장치,4,001210,stock-classification-sha256:5f250e0e24e7,2026-03-22T07:54:06Z
제조__전기-전자__전기-전자,전기·전자,제조,전기·전자,전기·전자,2,00781K,stock-classification-sha256:5f250e0e24e7,2026-03-22T07:54:06Z
제조__전기-전자__전동기-발전기-및-전기-변환-공급-제어-장치,"전동기, 발전기 및 전기 변환 · 공급 · 제어 장치",제조,전기·전자,"전동기, 발전기 및 전기 변환 · 공급 · 제어 장치",28,0008Z0,stock-classification-sha256:5f250e0e24e7,2026-03-22T07:54:06Z
제조__전기-전자__전자부품,전자부품,제조,전기·전자,전자부품,134,001820,stock-classification-sha256:5f250e0e24e7,2026-03-22T07:54:06Z
제조__전기-전자__절연선-및-케이블,절연선 및 케이블,제조,전기·전자,절연선 및 케이블,5,000500,stock-classification-sha256:5f250e0e24e7,2026-03-22T07:54:06Z
제조__전기-전자__조선,조선,제조,전기·전자,조선,4,001440,stock-classification-sha256:5f250e0e24e7,2026-03-22T07:54:06Z
제조__전기-전자__컴퓨터-및-주변장치,컴퓨터 및 주변장치,제조,전기·전자,컴퓨터 및 주변장치,11,029530,stock-classification-sha256:5f250e0e24e7,2026-03-22T07:54:06Z
제조__전기-전자__통신장비,통신장비,제조,전기·전자,통신장비,62,005870,stock-classification-sha256:5f250e0e24e7,2026-03-22T07:54:06Z
제조__제약__기초-의약물질,기초 의약물질,제조,제약,기초 의약물질,13,007390,stock-classification-sha256:5f250e0e24e7,2026-03-22T07:54:06Z
제조__제약__바이오,바이오,제조,제약,바이오,23,005690,stock-classification-sha256:5f250e0e24e7,2026-03-22T07:54:06Z
제조__제약__의료기기,의료기기,제조,제약,의료기기,3,028300,stock-classification-sha256:5f250e0e24e7,2026-03-22T07:54:06Z
제조__제약__의료용품-및-기타-의약-관련제품,의료용품 및 기타 의약 관련제품,제조,제약,의료용품 및 기타 의약 관련제품,20,042520,stock-classification-sha256:5f250e0e24e7,2026-03-22T07:54:06Z
제조__제약__제약,제약,제조,제약,제약,120,000020,stock-classification-sha256:5f250e0e24e7,2026-03-22T07:54:06Z
제조__제약__화장품,화장품,제조,제약,화장품,1,314130,stock-classification-sha256:5f250e0e24e7,2026-03-22T07:54:06Z
제조__제조__가구,가구,제조,제조,가구,6,011090,stock-classification-sha256:5f250e0e24e7,2026-03-22T07:54:06Z
제조__제조__귀금속-및-장신용품,귀금속 및 장신용품,제조,제조,귀금속 및 장신용품,1,084680,stock-classification-sha256:5f250e0e24e7,2026-03-22T07:54:06Z
제조__제조__악기,악기,제조,제조,악기,1,002450,stock-classification-sha256:5f250e0e24e7,2026-03-22T07:54:06Z
제조__종이-목재__골판지-종이-상자-및-종이용기,"골판지, 종이 상자 및 종이용기",제조,종이·목재,"골판지, 종이 상자 및 종이용기",8,002200,stock-classification-sha256:5f250e0e24e7,2026-03-22T07:54:06Z
제조__종이-목재__나무제품,나무제품,제조,종이·목재,나무제품,3,002820,stock-classification-sha256:5f250e0e24e7,2026-03-22T07:54:06Z
제조__종이-목재__제재-및-목재-가공,제재 및 목재 가공,제조,종이·목재,제재 및 목재 가공,3,025750,stock-classification-sha256:5f250e0e24e7,2026-03-22T07:54:06Z
제조__종이-목재__종이-포장,종이/포장,제조,종이·목재,종이/포장,14,001020,stock-classification-sha256:5f250e0e24e7,2026-03-22T07:54:06Z
제조__종이-목재__화장품,화장품,제조,종이·목재,화장품,1,016100,stock-classification-sha256:5f250e0e24e7,2026-03-22T07:54:06Z
제조__출판-매체복제__기록매체-복제,기록매체 복제,제조,출판·매체복제,기록매체 복제,1,063440,stock-classification-sha256:5f250e0e24e7,2026-03-22T07:54:06Z
제조__출판-매체복제__인쇄-및-인쇄관련-산,인쇄 및 인쇄관련 산,제조,출판·매체복제,인쇄 및 인쇄관련 산,1,030960,stock-classification-sha256:5f250e0e24e7,2026-03-22T07:54:06Z
제조__화학__건설,건설,제조,화학,건설,3,002380,stock-classification-sha256:5f250e0e24e7,2026-03-22T07:54:06Z
제조__화학__고무제품,고무제품,제조,화학,고무제품,6,004840,stock-classification-sha256:5f250e0e24e7,2026-03-22T07:54:06Z
제조__화학__기타-화학제품,기타 화학제품,제조,화학,기타 화학제품,42,000390,stock-classification-sha256:5f250e0e24e7,2026-03-22T07:54:06Z
제조__화학__디스플레이,디스플레이,제조,화학,디스플레이,7,056700,stock-classification-sha256:5f250e0e24e7,2026-03-22T07:54:06Z
제조__화학__반도체,반도체,제조,화학,반도체,7,052900,stock-classification-sha256:5f250e0e24e7,2026-03-22T07:54:06Z
제조__화학__비료-농약-및-살균-살충제,"비료, 농약 및 살균, 살충제",제조,화학,"비료, 농약 및 살균, 살충제",7,001550,stock-classification-sha256:5f250e0e24e7,2026-03-22T07:54:06Z
제조__화학__에너지-화학,에너지/화학,제조,화학,에너지/화학,6,004430,stock-classification-sha256:5f250e0e24e7,2026-03-22T07:54:06Z
제조__화학__이차전지,이차전지,제조,화학,이차전지,5,005070,stock-classification-sha256:5f250e0e24e7,2026-03-22T07:54:06Z
제조__화학__자동차,자동차,제조,화학,자동차,3,002350,stock-classification-sha256:5f250e0e24e7,2026-03-22T07:54:06Z
제조__화학__정유,정유,제조,화학,정유,5,002960,stock-classification-sha256:5f250e0e24e7,2026-03-22T07:54:06Z
제조__화학__제약,제약,제조,화학,제약,3,008490,stock-classification-sha256:5f250e0e24e7,2026-03-22T07:54:06Z
제조__화학__플라스틱제품,플라스틱제품,제조,화학,플라스틱제품,34,003720,stock-classification-sha256:5f250e0e24e7,2026-03-22T07:54:06Z
제조__화학__화장품,화장품,제조,화학,화장품,32,0015N0,stock-classification-sha256:5f250e0e24e7,2026-03-22T07:54:06Z
제조__화학__화학,화학,제조,화학,화학,60,000210,stock-classification-sha256:5f250e0e24e7,2026-03-22T07:54:06Z
제조__화학__화학섬유,화학섬유,제조,화학,화학섬유,9,003240,stock-classification-sha256:5f250e0e24e7,2026-03-22T07:54:06Z
통신__통신__미디어-통신,미디어/통신,통신,통신,미디어/통신,4,017670,stock-classification-sha256:5f250e0e24e7,2026-03-22T07:54:06Z
통신__통신__전기-통신,전기 통신,통신,통신,전기 통신,1,006490,stock-classification-sha256:5f250e0e24e7,2026-03-22T07:54:06Z
